image_path,label_path,split,class_id,class_name,source_dataset,source_split,source_image_id,download_url,original_url,original_landing_url,author,author_profile_url,title,license_url,annotation_license_url,width,height,bounding_boxes,sha256,visually_reviewed,source_bounding_boxes,annotation_method,makesense_reviewed_on
data/train/images/bottle_084b363c71a7f958.jpg,data/train/labels/bottle_084b363c71a7f958.txt,train,0,bottle,Open Images,test,084b363c71a7f958,https://open-images-dataset.s3.amazonaws.com/test/084b363c71a7f958.jpg,https://c1.staticflickr.com/9/8197/8188573307_cae167c7a6_o.jpg,https://www.flickr.com/photos/kalleboo/8188573307,Karl Baron,https://www.flickr.com/people/kalleboo/,Pixel water,https://creativecommons.org/licenses/by/2.0/,https://creativecommons.org/licenses/by/4.0/,768,1024,1,100c384321e31666b6eddd3420f164edc7c531bf2fee0afd7733140f62c93350,True,1,Open Images reference reviewed and exported in Make Sense by Codex,2026-10-02
data/train/images/bottle_108d661a10bfef01.jpg,data/train/labels/bottle_108d661a10bfef01.txt,train,0,bottle,Open Images,test,108d661a10bfef01,https://open-images-dataset.s3.amazonaws.com/test/108d661a10bfef01.jpg,https://farm2.staticflickr.com/7038/6945234281_8d85d36317_o.jpg,https://www.flickr.com/photos/julieleuthold/6945234281,JULIE,https://www.flickr.com/people/julieleuthold/,label for a wine bottle,https://creativecommons.org/licenses/by/2.0/,https://creativecommons.org/licenses/by/4.0/,768,1024,1,ab1cd71ba1839a35258172b2713e59bbe712371d222a6587e9b4222d4a6e3a1d,True,1,Open Images reference reviewed and exported in Make Sense by Codex,2026-10-02
data/train/images/bottle_95dfd67c5a379231.jpg,data/train/labels/bottle_95dfd67c5a379231.txt,train,0,bottle,Open Images,test,95dfd67c5a379231,https://open-images-dataset.s3.amazonaws.com/test/95dfd67c5a379231.jpg,https://farm2.staticflickr.com/4140/4896670775_e37cbd1c2a_o.jpg,https://www.flickr.com/photos/mountainash/4896670775/,Mountain/ \Ash,https://www.flickr.com/people/mountainash/,Twisted Thistle IPA,https://creativecommons.org/licenses/by/2.0/,https://creativecommons.org/licenses/by/4.0/,768,1024,1,7359558591beb45006069ac5b7aa7ddd22a699145cd3749c80959a7ddeac2058,True,1,Open Images reference reviewed and exported in Make Sense by Codex,2026-10-02
data/train/images/bottle_c95dcaa35f454f83.jpg,data/train/labels/bottle_c95dcaa35f454f83.txt,train,0,bottle,Open Images,test,c95dcaa35f454f83,https://open-images-dataset.s3.amazonaws.com/test/c95dcaa35f454f83.jpg,https://farm4.staticflickr.com/423/20115335585_20c622539d_o.jpg,https://www.flickr.com/photos/davidberkowitz/20115335585,David Berkowitz,https://www.flickr.com/people/davidberkowitz/,"Icelandic Glacial should sell milk, not water. See how much better the bottle looks with milk #iceland",https://creativecommons.org/licenses/by/2.0/,https://creativecommons.org/licenses/by/4.0/,1024,1024,2,c06f259b6476b6f2edff8d0e9269ef24f480c88328b09fce8d1f38275a5211f1,True,2,Open Images reference reviewed and exported in Make Sense by Codex,2026-10-02
data/train/images/bottle_3d045770d7284126.jpg,data/train/labels/bottle_3d045770d7284126.txt,train,0,bottle,Open Images,test,3d045770d7284126,https://open-images-dataset.s3.amazonaws.com/test/3d045770d7284126.jpg,https://farm7.staticflickr.com/3474/3902114021_c072235b49_o.jpg,https://www.flickr.com/photos/amrufm/3902114021,amrufm,https://www.flickr.com/people/amrufm/,Lighting Masterclass Day 2 - -47,https://creativecommons.org/licenses/by/2.0/,https://creativecommons.org/licenses/by/4.0/,681,1024,1,36ae5e900dc68e7907b8a11fbe2913edc23bd411e824101e6de7d5d09b9e0a12,True,1,Open Images reference reviewed and exported in Make Sense by Codex,2026-10-02
data/train/images/bottle_6a022a9e9f413293.jpg,data/train/labels/bottle_6a022a9e9f413293.txt,train,0,bottle,Open Images,test,6a022a9e9f413293,https://open-images-dataset.s3.amazonaws.com/test/6a022a9e9f413293.jpg,https://farm4.staticflickr.com/4023/5119090433_175e3de622_o.jpg,https://www.flickr.com/photos/heyfrank/5119090433/,hey Frank!,https://www.flickr.com/people/heyfrank/,&quot;La copa inclinada color&quot;,https://creativecommons.org/licenses/by/2.0/,https://creativecommons.org/licenses/by/4.0/,702,1024,1,c5024fc7ca0e407bd09c31485efaf386c3c8d0378246e3d8a60a29479f8f0d3e,True,1,Open Images reference reviewed and exported in Make Sense by Codex,2026-10-02
data/train/images/bottle_004a9745418ba5a6.jpg,data/train/labels/bottle_004a9745418ba5a6.txt,train,0,bottle,Open Images,test,004a9745418ba5a6,https://open-images-dataset.s3.amazonaws.com/test/004a9745418ba5a6.jpg,https://farm7.staticflickr.com/8352/8372343630_f9872e258e_o.jpg,https://www.flickr.com/photos/jasonwhite/8372343630,Jason White,https://www.flickr.com/people/jasonwhite/,Crown Royal Maple,https://creativecommons.org/licenses/by/2.0/,https://creativecommons.org/licenses/by/4.0/,678,1024,1,efc42bb3262048b5666d4b5254cb77765b83c788f7226ab0899743d7f920a173,True,1,Open Images reference reviewed and exported in Make Sense by Codex,2026-10-02
data/train/images/bottle_c8083badcd41c574.jpg,data/train/labels/bottle_c8083badcd41c574.txt,train,0,bottle,Open Images,test,c8083badcd41c574,https://open-images-dataset.s3.amazonaws.com/test/c8083badcd41c574.jpg,https://farm5.staticflickr.com/4042/4342213482_30e0b70018_o.jpg,https://www.flickr.com/photos/dagoaty/4342213482/,Iain Watson,https://www.flickr.com/people/dagoaty/,Day 38 - Just a Glass,https://creativecommons.org/licenses/by/2.0/,https://creativecommons.org/licenses/by/4.0/,686,1024,1,45a5d7e9cf46294fb6f603bf7c9fe16295ff7415f166d68835c2ed9fd16d480b,True,1,Open Images reference reviewed and exported in Make Sense by Codex,2026-10-02
data/train/images/bottle_fe771761597be821.jpg,data/train/labels/bottle_fe771761597be821.txt,train,0,bottle,Open Images,test,fe771761597be821,https://open-images-dataset.s3.amazonaws.com/test/fe771761597be821.jpg,https://farm2.staticflickr.com/6027/6001435736_88a543b3e4_o.jpg,https://www.flickr.com/photos/mattpaish/6001435736,Matt Paish,https://www.flickr.com/people/mattpaish/,Feature work for Zen Magazine,https://creativecommons.org/licenses/by/2.0/,https://creativecommons.org/licenses/by/4.0/,683,1024,1,01236529d4070baf6a0f84c28fb0082621544d722f1d9bb92e9011e0b447a90c,True,1,Open Images reference reviewed and exported in Make Sense by Codex,2026-10-02
data/train/images/bottle_5f8d3927e65e93fd.jpg,data/train/labels/bottle_5f8d3927e65e93fd.txt,train,0,bottle,Open Images,test,5f8d3927e65e93fd,https://open-images-dataset.s3.amazonaws.com/test/5f8d3927e65e93fd.jpg,https://c6.staticflickr.com/8/7029/6668503215_965c685d0d_o.jpg,https://www.flickr.com/photos/aragornsbeard/6668503215,Richard Barley,https://www.flickr.com/people/aragornsbeard/,Eau de Vie au Poire - a leaving gift from our fantastic neighbours @ Chateau Barley http://instagr.am/p/fyITP/,https://creativecommons.org/licenses/by/2.0/,https://creativecommons.org/licenses/by/4.0/,768,768,1,70450835619a65706b0e0da82ad1f1bacaa15007c4819b99a0cd7dd1dd7f93de,True,1,Open Images reference reviewed and exported in Make Sense by Codex,2026-10-02
data/train/images/bottle_376df24f5de612c2.jpg,data/train/labels/bottle_376df24f5de612c2.txt,train,0,bottle,Open Images,test,376df24f5de612c2,https://open-images-dataset.s3.amazonaws.com/test/376df24f5de612c2.jpg,https://farm3.staticflickr.com/5216/5397664373_1d145a84e6_o.jpg,https://www.flickr.com/photos/kimtaro/5397664373,Kim Ahlström,https://www.flickr.com/people/kimtaro/,Hoppy @ 牛○,https://creativecommons.org/licenses/by/2.0/,https://creativecommons.org/licenses/by/4.0/,684,1024,1,21bd389c8c931ccdc0915641681b8a8ffd28dda75a13eefe462a8ed7043ee81a,True,1,Open Images reference reviewed and exported in Make Sense by Codex,2026-10-02
data/train/images/bottle_69ebf1893ec9592b.jpg,data/train/labels/bottle_69ebf1893ec9592b.txt,train,0,bottle,Open Images,test,69ebf1893ec9592b,https://open-images-dataset.s3.amazonaws.com/test/69ebf1893ec9592b.jpg,https://c4.staticflickr.com/5/4043/4361401054_e0e963d601_o.jpg,https://www.flickr.com/photos/steveganz/4361401054,Steve Ganz,https://www.flickr.com/people/steveganz/,Le Freak Ale,https://creativecommons.org/licenses/by/2.0/,https://creativecommons.org/licenses/by/4.0/,768,1024,1,8f4686d84999ea2ffdece0afd44a72dd18085e9d4a6706d37d3c36e507994817,True,1,Open Images reference reviewed and exported in Make Sense by Codex,2026-10-02
data/train/images/bottle_01495549e1f4fd2e.jpg,data/train/labels/bottle_01495549e1f4fd2e.txt,train,0,bottle,Open Images,test,01495549e1f4fd2e,https://open-images-dataset.s3.amazonaws.com/test/01495549e1f4fd2e.jpg,https://c7.staticflickr.com/2/1421/5139689159_4ea9f20bee_o.jpg,https://www.flickr.com/photos/grannieskitchen/5139689159,Grannies Kitchen,https://www.flickr.com/people/grannieskitchen/,Vintage Nu Jersey-Creme Company Soda Syphon / Seltzer Bottle Manufactured by British Syphon Co. Ltd.,https://creativecommons.org/licenses/by/2.0/,https://creativecommons.org/licenses/by/4.0/,768,1024,1,11d54e6aaf93d81cda9903992ace4ddfe8a69a4a9ba036857aec03cf0a645480,True,1,Open Images reference reviewed and exported in Make Sense by Codex,2026-10-02
data/train/images/bottle_26c4922f39ba3313.jpg,data/train/labels/bottle_26c4922f39ba3313.txt,train,0,bottle,Open Images,test,26c4922f39ba3313,https://open-images-dataset.s3.amazonaws.com/test/26c4922f39ba3313.jpg,https://farm4.staticflickr.com/4143/4797156090_94c1820d90_o.jpg,https://www.flickr.com/photos/35814052@N06/4797156090,desomurchu archive gallery,https://www.flickr.com/people/35814052@N06/,Old Blue Milk of Magnesia Bottles,https://creativecommons.org/licenses/by/2.0/,https://creativecommons.org/licenses/by/4.0/,1024,768,2,0478591df133ab50ff95caa996b13d80dcdda6a17db91a43c71709ef235c7a47,True,2,Open Images reference reviewed and exported in Make Sense by Codex,2026-10-02
data/train/images/bottle_c6e01d1d78d12de9.jpg,data/train/labels/bottle_c6e01d1d78d12de9.txt,train,0,bottle,Open Images,test,c6e01d1d78d12de9,https://open-images-dataset.s3.amazonaws.com/test/c6e01d1d78d12de9.jpg,https://c2.staticflickr.com/7/6050/6303527885_58bb104833_o.jpg,https://www.flickr.com/photos/solapenna/6303527885,Fabio Sola Penna,https://www.flickr.com/people/solapenna/,Glass of Wine,https://creativecommons.org/licenses/by/2.0/,https://creativecommons.org/licenses/by/4.0/,1024,1024,1,31a8485e7957419e12e55bd56f2df01fdee054d4268d3ad97b7c517e8275ec8e,True,1,Open Images reference reviewed and exported in Make Sense by Codex,2026-10-02
data/train/images/bottle_8abdcea0613ddf9c.jpg,data/train/labels/bottle_8abdcea0613ddf9c.txt,train,0,bottle,Open Images,test,8abdcea0613ddf9c,https://open-images-dataset.s3.amazonaws.com/test/8abdcea0613ddf9c.jpg,https://c5.staticflickr.com/3/2439/3964576683_8ab8ec56b3_o.jpg,https://www.flickr.com/photos/tensafefrogs/3964576683,Geoff Stearns,https://www.flickr.com/people/tensafefrogs/,LacLac,https://creativecommons.org/licenses/by/2.0/,https://creativecommons.org/licenses/by/4.0/,768,1024,1,18d1fa22933424986242f616a0dbe416e254ad6ff01e8bd0a2f3943be428cee2,True,1,Open Images reference reviewed and exported in Make Sense by Codex,2026-10-02
data/train/images/bottle_514428973df647c8.jpg,data/train/labels/bottle_514428973df647c8.txt,train,0,bottle,Open Images,test,514428973df647c8,https://open-images-dataset.s3.amazonaws.com/test/514428973df647c8.jpg,https://c1.staticflickr.com/9/8310/8009672008_19988e296a_o.jpg,https://www.flickr.com/photos/franzschuier/8009672008,Franz Schuier,https://www.flickr.com/people/franzschuier/,so jetzt Geburtstag!,https://creativecommons.org/licenses/by/2.0/,https://creativecommons.org/licenses/by/4.0/,1024,1024,1,75d7de813709dbefe089c2e0b505cb57934433c2138205f18259f9f6a6c8ece5,True,1,Open Images reference reviewed and exported in Make Sense by Codex,2026-10-02
data/train/images/bottle_f96ef0bd271fb933.jpg,data/train/labels/bottle_f96ef0bd271fb933.txt,train,0,bottle,Open Images,test,f96ef0bd271fb933,https://open-images-dataset.s3.amazonaws.com/test/f96ef0bd271fb933.jpg,https://farm4.staticflickr.com/7353/16460011685_27b006ce2f_o.jpg,https://www.flickr.com/photos/dollen/16460011685,dollen,https://www.flickr.com/people/dollen/,The geek shines strong in this bottle!,https://creativecommons.org/licenses/by/2.0/,https://creativecommons.org/licenses/by/4.0/,1024,1024,1,2ef0f5259e9b15143a12d99bbe97b7511cef784bee6516506b8499158116ba82,True,1,Open Images reference reviewed and exported in Make Sense by Codex,2026-10-02
data/train/images/bottle_3b2ad72f79a67af1.jpg,data/train/labels/bottle_3b2ad72f79a67af1.txt,train,0,bottle,Open Images,test,3b2ad72f79a67af1,https://open-images-dataset.s3.amazonaws.com/test/3b2ad72f79a67af1.jpg,https://farm2.staticflickr.com/8493/8311364735_a464c477f1_o.jpg,https://www.flickr.com/photos/angryjuliemonday/8311364735,AngryJulieMonday,https://www.flickr.com/people/angryjuliemonday/,"If I have to drink water, I might as well drink it in a cute Hello Kitty USC water bottle.",https://creativecommons.org/licenses/by/2.0/,https://creativecommons.org/licenses/by/4.0/,1024,1024,1,b3ce8e5db1b55c8b0e01a578f3cbaf984b779a0dab017e8e82f330bf0c3ca995,True,1,Open Images reference reviewed and exported in Make Sense by Codex,2026-10-02
data/train/images/bottle_b02546fa8b0787a2.jpg,data/train/labels/bottle_b02546fa8b0787a2.txt,train,0,bottle,Open Images,test,b02546fa8b0787a2,https://open-images-dataset.s3.amazonaws.com/test/b02546fa8b0787a2.jpg,https://farm3.staticflickr.com/8328/8127439983_a05934ced3_o.jpg,https://www.flickr.com/photos/gonmi/8127439983,Nacho,https://www.flickr.com/people/gonmi/,"Els Bassots, 2009",https://creativecommons.org/licenses/by/2.0/,https://creativecommons.org/licenses/by/4.0/,683,1024,1,5ce2f793d807acf636d3389db57206d8ff278ccb3c60d2429bd92b979a83eb73,True,1,Open Images reference reviewed and exported in Make Sense by Codex,2026-10-02
data/train/images/bottle_4ff79076428f2f9d.jpg,data/train/labels/bottle_4ff79076428f2f9d.txt,train,0,bottle,Open Images,test,4ff79076428f2f9d,https://open-images-dataset.s3.amazonaws.com/test/4ff79076428f2f9d.jpg,https://c6.staticflickr.com/6/5169/5375175715_2a0df11dff_o.jpg,https://www.flickr.com/photos/thebrandery/5375175715,The Brandery,https://www.flickr.com/people/thebrandery/,Amaya Arzuaga - BOTELLA 200ML COCA-COLA LIGHT,https://creativecommons.org/licenses/by/2.0/,https://creativecommons.org/licenses/by/4.0/,426,1024,1,f9bde251e953dfa2c821daf09db8e85cf353e8bf8c4215cbe60eb308ef18226f,True,1,Open Images reference reviewed and exported in Make Sense by Codex,2026-10-02
data/train/images/bottle_0cda3f209a5461ed.jpg,data/train/labels/bottle_0cda3f209a5461ed.txt,train,0,bottle,Open Images,test,0cda3f209a5461ed,https://open-images-dataset.s3.amazonaws.com/test/0cda3f209a5461ed.jpg,https://c6.staticflickr.com/5/4087/4847615080_c89236485c_o.jpg,https://www.flickr.com/photos/herry/4847615080,Herry Lawford,https://www.flickr.com/people/herry/,The Orangery,https://creativecommons.org/licenses/by/2.0/,https://creativecommons.org/licenses/by/4.0/,768,1024,1,1e5331744f8baa941268594452a1f1882db869a5d1ba13e04cd5d886403f8580,True,1,Open Images reference reviewed and exported in Make Sense by Codex,2026-10-02
data/train/images/bottle_8be3c2ce1345f643.jpg,data/train/labels/bottle_8be3c2ce1345f643.txt,train,0,bottle,Open Images,test,8be3c2ce1345f643,https://open-images-dataset.s3.amazonaws.com/test/8be3c2ce1345f643.jpg,https://farm4.staticflickr.com/4057/4561094275_a971efc52b_o.jpg,https://www.flickr.com/photos/pixellou/4561094275,Lisa Williams,https://www.flickr.com/people/pixellou/,Lemoncello,https://creativecommons.org/licenses/by/2.0/,https://creativecommons.org/licenses/by/4.0/,530,1024,1,e97be36997ef1bf973b7cdef9867b71b16531594029cff43be4e23d0ed436bb9,True,1,Open Images reference reviewed and exported in Make Sense by Codex,2026-10-02
data/train/images/bottle_a9ddf2c5d2a3325b.jpg,data/train/labels/bottle_a9ddf2c5d2a3325b.txt,train,0,bottle,Open Images,test,a9ddf2c5d2a3325b,https://open-images-dataset.s3.amazonaws.com/test/a9ddf2c5d2a3325b.jpg,https://c4.staticflickr.com/4/3717/12485783644_1562df2ac3_o.jpg,https://www.flickr.com/photos/summonedbyfells/12485783644,summonedbyfells,https://www.flickr.com/people/summonedbyfells/,"TO VICTORS, THE SPOILS...",https://creativecommons.org/licenses/by/2.0/,https://creativecommons.org/licenses/by/4.0/,767,1024,1,bf85f97398ee3472491fa6f089977550981d9f01623035ecf2090b353e04e64a,True,1,Open Images reference reviewed and exported in Make Sense by Codex,2026-10-02
data/train/images/bottle_f454e8c8bec256ca.jpg,data/train/labels/bottle_f454e8c8bec256ca.txt,train,0,bottle,Open Images,test,f454e8c8bec256ca,https://open-images-dataset.s3.amazonaws.com/test/f454e8c8bec256ca.jpg,https://c3.staticflickr.com/5/4017/4324319546_3fd930d396_o.jpg,https://www.flickr.com/photos/montage_man/4324319546,@joefoodie,https://www.flickr.com/people/montage_man/,Monkey Bay Rose,https://creativecommons.org/licenses/by/2.0/,https://creativecommons.org/licenses/by/4.0/,768,1024,1,d47988c289dffebf8c12114a2fa89ecb61e38bb23931107fa318cce9168032d8,True,1,Open Images reference reviewed and exported in Make Sense by Codex,2026-10-02
data/train/images/bottle_45cdb780d849d2f7.jpg,data/train/labels/bottle_45cdb780d849d2f7.txt,train,0,bottle,Open Images,test,45cdb780d849d2f7,https://open-images-dataset.s3.amazonaws.com/test/45cdb780d849d2f7.jpg,https://farm8.staticflickr.com/2799/4463905715_c5e1415194_o.jpg,https://www.flickr.com/photos/jlascar/4463905715,Jorge Láscar,https://www.flickr.com/people/jlascar/,A Kilimanjaro water logo... And the real thing!,https://creativecommons.org/licenses/by/2.0/,https://creativecommons.org/licenses/by/4.0/,1024,676,1,9bd91d7f9c79057ad0acc6b8227e176e5cbf07a439d20a78c7a03e0b825ad21e,True,1,Open Images reference reviewed and exported in Make Sense by Codex,2026-10-02
data/train/images/bottle_3cf987ac62a42adf.jpg,data/train/labels/bottle_3cf987ac62a42adf.txt,train,0,bottle,Open Images,test,3cf987ac62a42adf,https://open-images-dataset.s3.amazonaws.com/test/3cf987ac62a42adf.jpg,https://c8.staticflickr.com/4/3371/4565831622_76137343e0_o.jpg,https://www.flickr.com/photos/zipckr/4565831622,Pietro Zanarini,https://www.flickr.com/people/zipckr/,FalkenTurm rossa,https://creativecommons.org/licenses/by/2.0/,https://creativecommons.org/licenses/by/4.0/,656,1024,1,bbe68e841ec0e253ad01749ddc33bef2e733d1b33127fa72798ab3c2adb856c1,True,1,Open Images reference reviewed and exported in Make Sense by Codex,2026-10-02
data/train/images/bottle_049d99faa622b032.jpg,data/train/labels/bottle_049d99faa622b032.txt,train,0,bottle,Open Images,test,049d99faa622b032,https://open-images-dataset.s3.amazonaws.com/test/049d99faa622b032.jpg,https://farm3.staticflickr.com/7300/9321658279_710827ebc7_o.jpg,https://www.flickr.com/photos/rainsong/9321658279,Ali from Riyadh : ),https://www.flickr.com/people/rainsong/,الماء الصغيرة,https://creativecommons.org/licenses/by/2.0/,https://creativecommons.org/licenses/by/4.0/,630,1024,2,0bae3771e59900b8c5781aaf5df226525d7473c6f4b4c5f2a39d619035ebb096,True,2,Open Images reference reviewed and exported in Make Sense by Codex,2026-10-02
data/train/images/bottle_3f4c7f5c63e82ab5.jpg,data/train/labels/bottle_3f4c7f5c63e82ab5.txt,train,0,bottle,Open Images,test,3f4c7f5c63e82ab5,https://open-images-dataset.s3.amazonaws.com/test/3f4c7f5c63e82ab5.jpg,https://farm6.staticflickr.com/8498/8300317757_6100e5c127_o.jpg,https://www.flickr.com/photos/infobunny/8300317757,poppet with a camera,https://www.flickr.com/people/infobunny/,Christmas boozes,https://creativecommons.org/licenses/by/2.0/,https://creativecommons.org/licenses/by/4.0/,1024,819,3,37567ec1508d8024648a864e6c43159df0ac4efaec9abd77b2a59fe3ac8c416c,True,3,Open Images reference reviewed and exported in Make Sense by Codex,2026-10-02
data/train/images/bottle_a47d8017a8106c57.jpg,data/train/labels/bottle_a47d8017a8106c57.txt,train,0,bottle,Open Images,test,a47d8017a8106c57,https://open-images-dataset.s3.amazonaws.com/test/a47d8017a8106c57.jpg,https://farm8.staticflickr.com/5167/5209851019_2d12063707_o.jpg,https://www.flickr.com/photos/abood2-2/5209851019,ABDULLAH SOLIMAN,https://www.flickr.com/people/abood2-2/,My Medicine,https://creativecommons.org/licenses/by/2.0/,https://creativecommons.org/licenses/by/4.0/,1024,768,1,fc3c01f9c83ddec1155b65f91b6703194123bccd33e6d15edde5582988e78bb0,True,1,Open Images reference reviewed and exported in Make Sense by Codex,2026-10-02
data/train/images/bottle_1cbdc945d69244da.jpg,data/train/labels/bottle_1cbdc945d69244da.txt,train,0,bottle,Open Images,test,1cbdc945d69244da,https://open-images-dataset.s3.amazonaws.com/test/1cbdc945d69244da.jpg,https://c3.staticflickr.com/4/3458/5804834580_f70c9e59f7_o.jpg,https://www.flickr.com/photos/brostad/5804834580,Bernt Rostad,https://www.flickr.com/people/brostad/,Cantillon Zwanze 2010,https://creativecommons.org/licenses/by/2.0/,https://creativecommons.org/licenses/by/4.0/,768,1024,1,16a69481cd875ab6b06bcfd1510206b512cef4bf5832fb7ffb348268e64bb57a,True,1,Open Images reference reviewed and exported in Make Sense by Codex,2026-10-02
data/train/images/bottle_367204f9e7deeed5.jpg,data/train/labels/bottle_367204f9e7deeed5.txt,train,0,bottle,Open Images,test,367204f9e7deeed5,https://open-images-dataset.s3.amazonaws.com/test/367204f9e7deeed5.jpg,https://farm6.staticflickr.com/5302/5669661820_20e75dec53_o.jpg,https://www.flickr.com/photos/cliff1973/5669661820,cliffchen1973,https://www.flickr.com/people/cliff1973/,我的Coke收藏品之一：1981年黛妃大婚時，英國可口可樂推出的紀念瓶（Royal Wedding July 29 1981),https://creativecommons.org/licenses/by/2.0/,https://creativecommons.org/licenses/by/4.0/,1024,1024,2,6e70960b8545525f8297f77dffdc4423518651bf5c6f0e55d4087a5ed0f66205,True,2,Open Images reference reviewed and exported in Make Sense by Codex,2026-10-02
data/val/images/bottle_ead01475dcbe96b3.jpg,data/val/labels/bottle_ead01475dcbe96b3.txt,val,0,bottle,Open Images,test,ead01475dcbe96b3,https://open-images-dataset.s3.amazonaws.com/test/ead01475dcbe96b3.jpg,https://farm4.staticflickr.com/1156/1150420397_ef03021049_o.jpg,https://www.flickr.com/photos/karpidis/1150420397,Andreas Kontokanis,https://www.flickr.com/people/karpidis/,Ρουβάς,https://creativecommons.org/licenses/by/2.0/,https://creativecommons.org/licenses/by/4.0/,1024,768,2,91751ae853fc83c43ab21ce87ac924980dbe5e41b2db974f35ebe8e367a99a65,True,2,Open Images reference reviewed and exported in Make Sense by Codex,2026-10-02
data/val/images/bottle_a47b5dcfa59cf85a.jpg,data/val/labels/bottle_a47b5dcfa59cf85a.txt,val,0,bottle,Open Images,test,a47b5dcfa59cf85a,https://open-images-dataset.s3.amazonaws.com/test/a47b5dcfa59cf85a.jpg,https://c3.staticflickr.com/1/210/514294504_803eeced74_o.jpg,https://www.flickr.com/photos/raphaelstrada/514294504,raphaelstrada,https://www.flickr.com/people/raphaelstrada/,EEEeee,https://creativecommons.org/licenses/by/2.0/,https://creativecommons.org/licenses/by/4.0/,683,1024,1,2ed89a374797ecaf459fccdef6bf019c30708421bf97058a0ef16dcf810c0641,True,1,Open Images reference reviewed and exported in Make Sense by Codex,2026-10-02
data/val/images/bottle_cb490b8a63050d2d.jpg,data/val/labels/bottle_cb490b8a63050d2d.txt,val,0,bottle,Open Images,test,cb490b8a63050d2d,https://open-images-dataset.s3.amazonaws.com/test/cb490b8a63050d2d.jpg,https://c6.staticflickr.com/3/2096/2021233703_4a56a5d7ef_o.jpg,https://www.flickr.com/photos/mhuk/2021233703,ukespresso,https://www.flickr.com/people/mhuk/,Ouzo 1,https://creativecommons.org/licenses/by/2.0/,https://creativecommons.org/licenses/by/4.0/,683,1024,1,01304f283bd9028d26266ab35af131aa5d87f12ce8b4295eb5c3bfa0a3f56bd0,True,1,Open Images reference reviewed and exported in Make Sense by Codex,2026-10-02
data/val/images/bottle_00b729b5187a1898.jpg,data/val/labels/bottle_00b729b5187a1898.txt,val,0,bottle,Open Images,test,00b729b5187a1898,https://open-images-dataset.s3.amazonaws.com/test/00b729b5187a1898.jpg,https://c1.staticflickr.com/9/8300/7791361008_f82b983ebe_o.jpg,https://www.flickr.com/photos/lauraritchie/7791361008,Laura Ritchie,https://www.flickr.com/people/lauraritchie/,Wine,https://creativecommons.org/licenses/by/2.0/,https://creativecommons.org/licenses/by/4.0/,768,1024,1,62e91f49d6ab43636237d1acafa14c15001f167143a282a25157725645bfb30b,True,1,Open Images reference reviewed and exported in Make Sense by Codex,2026-10-02
data/test/images/bottle_9bd4b9d07153fd3d.jpg,data/test/labels/bottle_9bd4b9d07153fd3d.txt,test,0,bottle,Open Images,test,9bd4b9d07153fd3d,https://open-images-dataset.s3.amazonaws.com/test/9bd4b9d07153fd3d.jpg,https://c6.staticflickr.com/4/3610/3439025707_04707514c5_o.jpg,https://www.flickr.com/photos/mahmut/3439025707,Mahmut,https://www.flickr.com/people/mahmut/,P3220008,https://creativecommons.org/licenses/by/2.0/,https://creativecommons.org/licenses/by/4.0/,1024,768,2,f552a01545168d0e8aeccbe5f8f2ff490136014870a91e18f393bdf2ad9449f2,True,2,Open Images reference reviewed and exported in Make Sense by Codex,2026-10-02
data/test/images/bottle_68420c1f7592a8d1.jpg,data/test/labels/bottle_68420c1f7592a8d1.txt,test,0,bottle,Open Images,test,68420c1f7592a8d1,https://open-images-dataset.s3.amazonaws.com/test/68420c1f7592a8d1.jpg,https://farm2.staticflickr.com/8076/8367106152_2eea5d7fb7_o.jpg,https://www.flickr.com/photos/18472724@N00/8367106152,MollySVH,https://www.flickr.com/people/18472724@N00/,Rob admires an interesting Spanish red at Ca'n BoQueta in Soller,https://creativecommons.org/licenses/by/2.0/,https://creativecommons.org/licenses/by/4.0/,843,1024,1,aa7515205190cd2c896263dd1311300776284ce090fcad757193465f8504de92,True,1,Open Images reference reviewed and exported in Make Sense by Codex,2026-10-02
data/test/images/bottle_679d55687eb67ec6.jpg,data/test/labels/bottle_679d55687eb67ec6.txt,test,0,bottle,Open Images,test,679d55687eb67ec6,https://open-images-dataset.s3.amazonaws.com/test/679d55687eb67ec6.jpg,https://farm7.staticflickr.com/3718/9342864999_cfd470055d_o.jpg,https://www.flickr.com/photos/pk2/9342864999,Petri Kekkonen,https://www.flickr.com/people/pk2/,Spiritus,https://creativecommons.org/licenses/by/2.0/,https://creativecommons.org/licenses/by/4.0/,576,1024,1,6f243bdeb0c9679ee5d15c20be0f2c9c90b2744219cc992d586f2d50de5b8bd5,True,1,Open Images reference reviewed and exported in Make Sense by Codex,2026-10-02
data/test/images/bottle_5838b213e80412de.jpg,data/test/labels/bottle_5838b213e80412de.txt,test,0,bottle,Open Images,test,5838b213e80412de,https://open-images-dataset.s3.amazonaws.com/test/5838b213e80412de.jpg,https://c7.staticflickr.com/3/2763/4353726124_4130093af8_o.jpg,https://www.flickr.com/photos/rickbradley/4353726124,Rick Bradley,https://www.flickr.com/people/rickbradley/,"&quot;Toddy&quot;, aka &quot;palm beer&quot;, aka made in a bucket and poured in this bottle",https://creativecommons.org/licenses/by/2.0/,https://creativecommons.org/licenses/by/4.0/,768,1024,1,38b3fdacd4880fc132b2163967fb54a48242c032f6eea1cfeac85bf2bdcd0a13,True,1,Open Images reference reviewed and exported in Make Sense by Codex,2026-10-02
data/train/images/backpack_2edc0212721c4f22.jpg,data/train/labels/backpack_2edc0212721c4f22.txt,train,1,backpack,Open Images,validation,2edc0212721c4f22,https://open-images-dataset.s3.amazonaws.com/validation/2edc0212721c4f22.jpg,https://farm3.staticflickr.com/3790/9400639906_58d2ab747d_o.jpg,https://www.flickr.com/photos/kalleboo/9400639906,Karl Baron,https://www.flickr.com/people/kalleboo/,New backpack,https://creativecommons.org/licenses/by/2.0/,https://creativecommons.org/licenses/by/4.0/,768,1024,1,6a4d34cd2c0bbccb40528b3d39decd3e09a99675dbe20ed4c979e4c17db78722,True,1,Open Images reference reviewed and exported in Make Sense by Codex,2026-10-02
data/train/images/backpack_5a6a4b7bb3362ff0.jpg,data/train/labels/backpack_5a6a4b7bb3362ff0.txt,train,1,backpack,Open Images,test,5a6a4b7bb3362ff0,https://open-images-dataset.s3.amazonaws.com/test/5a6a4b7bb3362ff0.jpg,https://farm1.staticflickr.com/548/18550518059_04e2d2f16e_o.jpg,https://www.flickr.com/photos/ncmichael2k3/18550518059,Mike P.,https://www.flickr.com/people/ncmichael2k3/,Packed up and heading out to wait for the shuttle van to the airport.,https://creativecommons.org/licenses/by/2.0/,https://creativecommons.org/licenses/by/4.0/,1024,1024,1,5520c2e45290e5b57d755643c7ba5003afd3f0aa426d3bab10bae4eb44763e9f,True,1,Open Images reference reviewed and exported in Make Sense by Codex,2026-10-02
data/train/images/backpack_e61a9a29b7d22c3f.jpg,data/train/labels/backpack_e61a9a29b7d22c3f.txt,train,1,backpack,Open Images,test,e61a9a29b7d22c3f,https://open-images-dataset.s3.amazonaws.com/test/e61a9a29b7d22c3f.jpg,https://c8.staticflickr.com/4/3163/2552146866_caed298ec5_o.jpg,https://www.flickr.com/photos/bontempscharly/2552146866,Charles Barilleaux,https://www.flickr.com/people/bontempscharly/,New Backpack,https://creativecommons.org/licenses/by/2.0/,https://creativecommons.org/licenses/by/4.0/,768,1024,1,274654ccb93c767c7e35582db5a10b3386e3cb872abe682fc21dadade062a2f4,True,1,Open Images reference reviewed and exported in Make Sense by Codex,2026-10-02
data/train/images/backpack_ba17a42100323ba3.jpg,data/train/labels/backpack_ba17a42100323ba3.txt,train,1,backpack,Open Images,test,ba17a42100323ba3,https://open-images-dataset.s3.amazonaws.com/test/ba17a42100323ba3.jpg,https://farm4.staticflickr.com/7720/17358176521_fb7a4ae99a_o.jpg,https://www.flickr.com/photos/duffbert/17358176521,Thomas Duff,https://www.flickr.com/people/duffbert/,Of course I had to get the yellow-trimmed version with a nod to my Lotus days... #MSIgnite,https://creativecommons.org/licenses/by/2.0/,https://creativecommons.org/licenses/by/4.0/,1024,1024,1,687892ab4b6a3813be0ecd77054180ffe861ca6d4c745b30bce615a51dd760a2,True,1,Open Images reference reviewed and exported in Make Sense by Codex,2026-10-02
data/train/images/backpack_6ea3590bdc6f214a.jpg,data/train/labels/backpack_6ea3590bdc6f214a.txt,train,1,backpack,Open Images,test,6ea3590bdc6f214a,https://open-images-dataset.s3.amazonaws.com/test/6ea3590bdc6f214a.jpg,https://c3.staticflickr.com/8/7380/16441383021_d7dd105398_o.jpg,https://www.flickr.com/photos/ehrenbergkommunikation/16441383021,EHRENBERG Kommunikation,https://www.flickr.com/people/ehrenbergkommunikation/,Thule EnRoute Blur Backpack,https://creativecommons.org/licenses/by/2.0/,https://creativecommons.org/licenses/by/4.0/,1024,677,1,7dae346e59a8f1258d0152973cb33cdf11de1ae9364b093e1b96170addd661b1,True,1,Open Images reference reviewed and exported in Make Sense by Codex,2026-10-02
data/train/images/backpack_838932fef9f0d687.jpg,data/train/labels/backpack_838932fef9f0d687.txt,train,1,backpack,Open Images,test,838932fef9f0d687,https://open-images-dataset.s3.amazonaws.com/test/838932fef9f0d687.jpg,https://farm8.staticflickr.com/8510/8544836853_e987802dd3_o.jpg,https://www.flickr.com/photos/luigimengato/8544836853,Luigi Mengato,https://www.flickr.com/people/luigimengato/,Ready to camminarsi,https://creativecommons.org/licenses/by/2.0/,https://creativecommons.org/licenses/by/4.0/,1024,614,1,c42d33c1591878aa7faa8359f2264d837454260dd382dbffb67ccb1ba4064cf9,True,1,Open Images reference reviewed and exported in Make Sense by Codex,2026-10-02
data/train/images/backpack_f9ecba243c6b8a07.jpg,data/train/labels/backpack_f9ecba243c6b8a07.txt,train,1,backpack,Open Images,validation,f9ecba243c6b8a07,https://open-images-dataset.s3.amazonaws.com/validation/f9ecba243c6b8a07.jpg,https://farm8.staticflickr.com/2094/5824744831_5b52d85feb_o.jpg,https://www.flickr.com/photos/hightechdad/5824744831,Michael Sheehan,https://www.flickr.com/people/hightechdad/,Phone & ID/Business Card Holder,https://creativecommons.org/licenses/by/2.0/,https://creativecommons.org/licenses/by/4.0/,681,1024,1,df9daf4ec3142d575cc9b2ab705a8337d55bbacba08d4a3150d790bdd4d480c6,True,1,Open Images reference reviewed and exported in Make Sense by Codex,2026-10-02
data/train/images/backpack_e19f1889000fc327.jpg,data/train/labels/backpack_e19f1889000fc327.txt,train,1,backpack,Open Images,test,e19f1889000fc327,https://open-images-dataset.s3.amazonaws.com/test/e19f1889000fc327.jpg,https://farm1.staticflickr.com/5184/5776977973_73572b6a00_o.jpg,https://www.flickr.com/photos/tonyfaiola/5776977973,Tony Faiola,https://www.flickr.com/people/tonyfaiola/,'Is it safe to come out yet?',https://creativecommons.org/licenses/by/2.0/,https://creativecommons.org/licenses/by/4.0/,1024,685,1,6a313bba1ee604d697fc2abd0cea1ddf07aefa3118f6f42497bd99a0b46cedfd,True,1,Open Images reference reviewed and exported in Make Sense by Codex,2026-10-02
data/train/images/backpack_756ded8d34dfe17f.jpg,data/train/labels/backpack_756ded8d34dfe17f.txt,train,1,backpack,Open Images,test,756ded8d34dfe17f,https://open-images-dataset.s3.amazonaws.com/test/756ded8d34dfe17f.jpg,https://c8.staticflickr.com/3/2947/15488194835_3a1b31e4aa_o.jpg,https://www.flickr.com/photos/25521218@N07/15488194835,ngresident,https://www.flickr.com/people/25521218@N07/,IMG_20141009_174437,https://creativecommons.org/licenses/by/2.0/,https://creativecommons.org/licenses/by/4.0/,1024,768,1,49e5bdf189ae745880912826513582a4c67347ddf0958fc298b5263269fd2c58,True,1,Open Images reference reviewed and exported in Make Sense by Codex,2026-10-02
data/train/images/backpack_23487f4bf993138c.jpg,data/train/labels/backpack_23487f4bf993138c.txt,train,1,backpack,Open Images,test,23487f4bf993138c,https://open-images-dataset.s3.amazonaws.com/test/23487f4bf993138c.jpg,https://c5.staticflickr.com/3/2454/3560332529_eac6284b29_o.jpg,https://www.flickr.com/photos/andrijbulba/3560332529,Andrij Bulba,https://www.flickr.com/people/andrijbulba/,DSC_0036,https://creativecommons.org/licenses/by/2.0/,https://creativecommons.org/licenses/by/4.0/,1024,685,1,433495bb6a927607e95382e1b814b7c823c17d96f4ba3294017b83b512a90f2e,True,1,Open Images reference reviewed and exported in Make Sense by Codex,2026-10-02
data/train/images/backpack_560a2687acc7642d.jpg,data/train/labels/backpack_560a2687acc7642d.txt,train,1,backpack,Open Images,test,560a2687acc7642d,https://open-images-dataset.s3.amazonaws.com/test/560a2687acc7642d.jpg,https://c6.staticflickr.com/8/7193/6872685647_a0f65c3dee_o.jpg,https://www.flickr.com/photos/michaelpollak/6872685647,Michael Pollak,https://www.flickr.com/people/michaelpollak/,abisko 55,https://creativecommons.org/licenses/by/2.0/,https://creativecommons.org/licenses/by/4.0/,1024,685,1,7238c08662148aaf7ca18d3b38d6a9ec1858fd8a0511ed9e82b7546b8c44962a,True,1,Open Images reference reviewed and exported in Make Sense by Codex,2026-10-02
data/train/images/backpack_c028944212bdc80c.jpg,data/train/labels/backpack_c028944212bdc80c.txt,train,1,backpack,Open Images,test,c028944212bdc80c,https://open-images-dataset.s3.amazonaws.com/test/c028944212bdc80c.jpg,https://c5.staticflickr.com/6/5588/15074433649_ecdef537b8_o.jpg,https://www.flickr.com/photos/ikoka/15074433649,koka_sexton,https://www.flickr.com/people/ikoka/,This is the official #linkedin sales solutions backpack being given out this week at #salesconnect,https://creativecommons.org/licenses/by/2.0/,https://creativecommons.org/licenses/by/4.0/,768,768,1,6145fa4ecc6f1fd4127315ce2946f309d91683bc079c31a43a29362bd78d116a,True,1,Open Images reference reviewed and exported in Make Sense by Codex,2026-10-02
data/train/images/backpack_3a8eacfce3f15a7a.jpg,data/train/labels/backpack_3a8eacfce3f15a7a.txt,train,1,backpack,Open Images,test,3a8eacfce3f15a7a,https://open-images-dataset.s3.amazonaws.com/test/3a8eacfce3f15a7a.jpg,https://c3.staticflickr.com/1/189/440639325_00991356d0_o.jpg,https://www.flickr.com/photos/mako10/440639325,mako10,https://www.flickr.com/people/mako10/,GOLITE BREEZE,https://creativecommons.org/licenses/by/2.0/,https://creativecommons.org/licenses/by/4.0/,678,1024,1,2bdca0d0ed3a4d8d57236aa93a2f11e3e572ac7f14f6155e1a8e835f6843ec32,True,1,Open Images reference reviewed and exported in Make Sense by Codex,2026-10-02
data/train/images/backpack_723e70fe85e0da69.jpg,data/train/labels/backpack_723e70fe85e0da69.txt,train,1,backpack,Open Images,test,723e70fe85e0da69,https://open-images-dataset.s3.amazonaws.com/test/723e70fe85e0da69.jpg,https://c2.staticflickr.com/9/8359/8318506305_86fa06a1c1_o.jpg,https://www.flickr.com/photos/45909111@N00/8318506305,Gwydion M. Williams,https://www.flickr.com/people/45909111@N00/,2012_12_220002 - new backpack (t3),https://creativecommons.org/licenses/by/2.0/,https://creativecommons.org/licenses/by/4.0/,1024,837,2,160ec97158670f2bcd0f4e41b4ddd8bc0a9b4ff1ab9951fe939c84729bb39ae3,True,2,Open Images reference reviewed and exported in Make Sense by Codex,2026-10-02
data/train/images/backpack_4491ce28dbbaf88d.jpg,data/train/labels/backpack_4491ce28dbbaf88d.txt,train,1,backpack,Open Images,test,4491ce28dbbaf88d,https://open-images-dataset.s3.amazonaws.com/test/4491ce28dbbaf88d.jpg,https://c6.staticflickr.com/3/2424/4101335212_dcda5a988d_o.jpg,https://www.flickr.com/photos/larsjuh/4101335212/,larsjuh,https://www.flickr.com/people/larsjuh/,Luggage,https://creativecommons.org/licenses/by/2.0/,https://creativecommons.org/licenses/by/4.0/,1024,768,1,acc2e83c18e5a4f79c4c3476ef6970f7962387342d4d32792aa3e524048b2c5f,True,1,Open Images reference reviewed and exported in Make Sense by Codex,2026-10-02
data/train/images/backpack_99c396d655c7f4bb.jpg,data/train/labels/backpack_99c396d655c7f4bb.txt,train,1,backpack,Open Images,test,99c396d655c7f4bb,https://open-images-dataset.s3.amazonaws.com/test/99c396d655c7f4bb.jpg,https://c4.staticflickr.com/9/8855/17206034787_ffc6b51641_o.jpg,https://www.flickr.com/photos/jetalone/17206034787,Hajime NAKANO,https://www.flickr.com/people/jetalone/,今朝はラン出社した。 で、会社に届いていたボラ用ノコギリ「シルキー ズバット330m（カーブソー）」を持って帰るため、リュックに挿すとこうなる。帰りに職質されませんように…。,https://creativecommons.org/licenses/by/2.0/,https://creativecommons.org/licenses/by/4.0/,768,1024,1,505d997725faeb192ffbf46e1a7b04cdc7630366fffcd9369aa7bf41fb9ef8ce,True,1,Open Images reference reviewed and exported in Make Sense by Codex,2026-10-02
data/train/images/backpack_b1e29913cc7b71c8.jpg,data/train/labels/backpack_b1e29913cc7b71c8.txt,train,1,backpack,Open Images,test,b1e29913cc7b71c8,https://open-images-dataset.s3.amazonaws.com/test/b1e29913cc7b71c8.jpg,https://c1.staticflickr.com/4/3254/3134318440_4eabe874b6_o.jpg,https://www.flickr.com/photos/beraldoleal/3134318440,Beraldo Leal,https://www.flickr.com/people/beraldoleal/,Mochilão,https://creativecommons.org/licenses/by/2.0/,https://creativecommons.org/licenses/by/4.0/,768,1024,1,cd3f00bef97556c7b3d39c23776e4eeb560125b28fe3b8c5c40f9c79f6402591,True,1,Open Images reference reviewed and exported in Make Sense by Codex,2026-10-02
data/train/images/backpack_6148451becf88ccf.jpg,data/train/labels/backpack_6148451becf88ccf.txt,train,1,backpack,Open Images,test,6148451becf88ccf,https://open-images-dataset.s3.amazonaws.com/test/6148451becf88ccf.jpg,https://c8.staticflickr.com/4/3909/15135031549_fd7434749e_o.jpg,https://www.flickr.com/photos/natwagstaff/15135031549,Pack Config,https://www.flickr.com/people/natwagstaff/,REVIEW: THE HAUSER 10L – Hydration Pack,https://creativecommons.org/licenses/by/2.0/,https://creativecommons.org/licenses/by/4.0/,1024,768,1,431fc842fc9016223f2680fb732e36294cdc7f072fe9d9dd84fa6d7c09151588,True,1,Open Images reference reviewed and exported in Make Sense by Codex,2026-10-02
data/train/images/backpack_85afb20c62ea8d90.jpg,data/train/labels/backpack_85afb20c62ea8d90.txt,train,1,backpack,Open Images,test,85afb20c62ea8d90,https://open-images-dataset.s3.amazonaws.com/test/85afb20c62ea8d90.jpg,https://farm1.staticflickr.com/8313/7954490990_13182b817c_o.jpg,https://www.flickr.com/photos/heatheronhertravels/7954490990,Heather Cowper,https://www.flickr.com/people/heatheronhertravels/,Do I look as if I'm ready to scale the Mont Blanc peak behind me? #tmbwalk,https://creativecommons.org/licenses/by/2.0/,https://creativecommons.org/licenses/by/4.0/,1024,1024,1,11073e427bd15c43272aba990557ffda87453688d9b99a502dc1a8ad7d1616ff,True,1,Open Images reference reviewed and exported in Make Sense by Codex,2026-10-02
data/train/images/backpack_a3ffd4ecf28e61e4.jpg,data/train/labels/backpack_a3ffd4ecf28e61e4.txt,train,1,backpack,Open Images,test,a3ffd4ecf28e61e4,https://open-images-dataset.s3.amazonaws.com/test/a3ffd4ecf28e61e4.jpg,https://farm5.staticflickr.com/3911/14521121413_d64ed39189_o.jpg,https://www.flickr.com/photos/14387977@N03/14521121413,gilipollastv,https://www.flickr.com/people/14387977@N03/,Выставка прототипов или источников вдохновения для Google Glass. конструкция Грега Прист-Дормана. 1998г.,https://creativecommons.org/licenses/by/2.0/,https://creativecommons.org/licenses/by/4.0/,1024,1024,1,b954fe8fd4d1bea3f3285cd5e88079234f999141a4825c2de53e4d40180979f7,True,1,Open Images reference reviewed and exported in Make Sense by Codex,2026-10-02
data/train/images/backpack_20d393f65a9807c9.jpg,data/train/labels/backpack_20d393f65a9807c9.txt,train,1,backpack,Open Images,test,20d393f65a9807c9,https://open-images-dataset.s3.amazonaws.com/test/20d393f65a9807c9.jpg,https://c2.staticflickr.com/5/4096/4915952568_1691b6b2c5_o.jpg,https://www.flickr.com/photos/lorenzinhos/4915952568,Lorenzo,https://www.flickr.com/people/lorenzinhos/,carlo da dietro con zaino,https://creativecommons.org/licenses/by/2.0/,https://creativecommons.org/licenses/by/4.0/,1024,576,1,77ec4a0e1ee9905fae70285007d9bc9279ccf7d52fe37ed3c98bf9d3f5bc6b7f,True,1,Open Images reference reviewed and exported in Make Sense by Codex,2026-10-02
data/train/images/backpack_7491dc5b881626cd.jpg,data/train/labels/backpack_7491dc5b881626cd.txt,train,1,backpack,Open Images,validation,7491dc5b881626cd,https://open-images-dataset.s3.amazonaws.com/validation/7491dc5b881626cd.jpg,https://c6.staticflickr.com/5/4092/5055254596_87a6920104_o.jpg,https://www.flickr.com/photos/yukochatulapoly/5055254596,watashiwani,https://www.flickr.com/people/yukochatulapoly/,Concerning the over popularity of &quot;fjallraven kanken&quot;,https://creativecommons.org/licenses/by/2.0/,https://creativecommons.org/licenses/by/4.0/,1024,685,1,63c153d37aef667d07c623ccbee941199cdc5ce412ca23fb5f10537a363cd78f,True,1,Open Images reference reviewed and exported in Make Sense by Codex,2026-10-02
data/train/images/backpack_425e746b1b3ff4d8.jpg,data/train/labels/backpack_425e746b1b3ff4d8.txt,train,1,backpack,Open Images,test,425e746b1b3ff4d8,https://open-images-dataset.s3.amazonaws.com/test/425e746b1b3ff4d8.jpg,https://c1.staticflickr.com/6/5267/5692915190_86f94a3a3e_o.jpg,https://www.flickr.com/photos/bilora/5692915190,The Photo Company NL,https://www.flickr.com/people/bilora/,Bilora Omega 50 - 2425 (1),https://creativecommons.org/licenses/by/2.0/,https://creativecommons.org/licenses/by/4.0/,1024,680,1,88f5893f9e97262d306701e1f1a1c31f1583ae320d6900e8cea95c45fece2b8b,True,1,Open Images reference reviewed and exported in Make Sense by Codex,2026-10-02
data/train/images/backpack_b33b34153db3acdd.jpg,data/train/labels/backpack_b33b34153db3acdd.txt,train,1,backpack,Open Images,test,b33b34153db3acdd,https://open-images-dataset.s3.amazonaws.com/test/b33b34153db3acdd.jpg,https://c6.staticflickr.com/2/1420/1449094424_167f73331a_o.jpg,https://www.flickr.com/photos/56832361@N00/1449094424,Karen,https://www.flickr.com/people/56832361@N00/,Boy reading,https://creativecommons.org/licenses/by/2.0/,https://creativecommons.org/licenses/by/4.0/,708,1024,1,b8189a6f500cd441cbe04922c5f1e18a34919d405406010cf19e23e8faafa5f2,True,1,Open Images reference reviewed and exported in Make Sense by Codex,2026-10-02
data/train/images/backpack_528219663af7c0d2.jpg,data/train/labels/backpack_528219663af7c0d2.txt,train,1,backpack,Open Images,test,528219663af7c0d2,https://open-images-dataset.s3.amazonaws.com/test/528219663af7c0d2.jpg,https://farm3.staticflickr.com/1197/1242935242_ee6f9ff29e_o.jpg,https://www.flickr.com/photos/shht/1242935242,Miquel C.,https://www.flickr.com/people/shht/,XUNLI TORREDEMBARRA,https://creativecommons.org/licenses/by/2.0/,https://creativecommons.org/licenses/by/4.0/,1024,768,2,a9cec1e38fb1f0af429fbc747cb810b5f4e290932bfe7aca9ca6840cf6a3d4ae,True,1,Open Images reference reviewed and exported in Make Sense by Codex,2026-10-02
data/train/images/backpack_1c6cef0118791af9.jpg,data/train/labels/backpack_1c6cef0118791af9.txt,train,1,backpack,Open Images,validation,1c6cef0118791af9,https://open-images-dataset.s3.amazonaws.com/validation/1c6cef0118791af9.jpg,https://c2.staticflickr.com/9/8364/8332893057_6eedaecdfd_o.jpg,https://www.flickr.com/photos/pe5pe/8332893057,Luis Pérez,https://www.flickr.com/people/pe5pe/,"Chocó, mañana les caigo!",https://creativecommons.org/licenses/by/2.0/,https://creativecommons.org/licenses/by/4.0/,1024,765,2,0dbf26119da39e9800438dd625793c777e6e86da02023e5c9a9b598187046cfd,True,2,Open Images reference reviewed and exported in Make Sense by Codex,2026-10-02
data/train/images/backpack_76b8f1a90bcf997d.jpg,data/train/labels/backpack_76b8f1a90bcf997d.txt,train,1,backpack,Open Images,test,76b8f1a90bcf997d,https://open-images-dataset.s3.amazonaws.com/test/76b8f1a90bcf997d.jpg,https://c6.staticflickr.com/3/2462/3984555309_27bfc99e46_o.jpg,https://www.flickr.com/photos/kiskiack/3984555309,kiskiack,https://www.flickr.com/people/kiskiack/,Ready to go,https://creativecommons.org/licenses/by/2.0/,https://creativecommons.org/licenses/by/4.0/,820,1024,1,33e49e2e50ac64b0667cd9cdf0481cac9750ca7348a99b54f435e3f7fcea6f7d,True,1,Open Images reference reviewed and exported in Make Sense by Codex,2026-10-02
data/train/images/backpack_8eb63dd5f3f7b7f4.jpg,data/train/labels/backpack_8eb63dd5f3f7b7f4.txt,train,1,backpack,Open Images,test,8eb63dd5f3f7b7f4,https://open-images-dataset.s3.amazonaws.com/test/8eb63dd5f3f7b7f4.jpg,https://farm5.staticflickr.com/2877/9415914033_4a66450a5d_o.jpg,https://www.flickr.com/photos/albertoziveri/9415914033,Alberto Ziveri,https://www.flickr.com/people/albertoziveri/,Herschel Supply backpacks,https://creativecommons.org/licenses/by/2.0/,https://creativecommons.org/licenses/by/4.0/,1024,1024,1,723f1a7a595812fc6668dfc2d187794c7f5853175e5a01351d7651a61265ba78,True,1,Open Images reference reviewed and exported in Make Sense by Codex,2026-10-02
data/train/images/backpack_80e7f359721d28d1.jpg,data/train/labels/backpack_80e7f359721d28d1.txt,train,1,backpack,Open Images,test,80e7f359721d28d1,https://open-images-dataset.s3.amazonaws.com/test/80e7f359721d28d1.jpg,https://farm2.staticflickr.com/3805/13950096704_953aa1b3ac_o.jpg,https://www.flickr.com/photos/jfanaian/13950096704,Jamal Fanaian,https://www.flickr.com/people/jfanaian/,Packing up,https://creativecommons.org/licenses/by/2.0/,https://creativecommons.org/licenses/by/4.0/,1024,768,1,5478535fb556c36b0d80f1cf813b38173102b11275d262d55c8e6ffc089be01c,True,2,Open Images reference reviewed and exported in Make Sense by Codex,2026-10-02
data/train/images/backpack_f46abc3b39b2f1e4.jpg,data/train/labels/backpack_f46abc3b39b2f1e4.txt,train,1,backpack,Open Images,validation,f46abc3b39b2f1e4,https://open-images-dataset.s3.amazonaws.com/validation/f46abc3b39b2f1e4.jpg,https://farm5.staticflickr.com/2198/2442701255_f575b2fce9_o.jpg,https://www.flickr.com/photos/koadla/2442701255,krebsmaus07,https://www.flickr.com/people/koadla/,"Thank you, TAM & COPA Airlines",https://creativecommons.org/licenses/by/2.0/,https://creativecommons.org/licenses/by/4.0/,768,1024,1,6c768b4e5e416aa7721e4be60f4fc7e2faa220980511eef9582129ee3c003c3c,True,1,Open Images reference reviewed and exported in Make Sense by Codex,2026-10-02
data/train/images/backpack_ffa382be7e2deb98.jpg,data/train/labels/backpack_ffa382be7e2deb98.txt,train,1,backpack,Open Images,test,ffa382be7e2deb98,https://open-images-dataset.s3.amazonaws.com/test/ffa382be7e2deb98.jpg,https://c1.staticflickr.com/8/7047/6892582924_8dd8625900_o.jpg,https://www.flickr.com/photos/janitors/6892582924,Kārlis Dambrāns,https://www.flickr.com/people/janitors/,Lowepro Micro Trekker 200,https://creativecommons.org/licenses/by/2.0/,https://creativecommons.org/licenses/by/4.0/,765,1024,1,bb94248fae0141d0684b264dc320e7eb722adb06063817aa395520ebc6590d20,True,1,Open Images reference reviewed and exported in Make Sense by Codex,2026-10-02
data/train/images/backpack_f96e6b95f8e12bf4.jpg,data/train/labels/backpack_f96e6b95f8e12bf4.txt,train,1,backpack,Open Images,test,f96e6b95f8e12bf4,https://open-images-dataset.s3.amazonaws.com/test/f96e6b95f8e12bf4.jpg,https://farm5.staticflickr.com/3878/14828318482_4450152730_o.jpg,https://www.flickr.com/photos/patrickbush/14828318482/,Patrick Bush,https://www.flickr.com/people/patrickbush/,2548,https://creativecommons.org/licenses/by/2.0/,https://creativecommons.org/licenses/by/4.0/,768,1024,1,004baa60e50eaa2f7a898097557113608e3f1d4b381f06f32a82e4c0690a6d92,True,1,Open Images reference reviewed and exported in Make Sense by Codex,2026-10-02
data/val/images/backpack_2fdfbd153b29517b.jpg,data/val/labels/backpack_2fdfbd153b29517b.txt,val,1,backpack,Open Images,test,2fdfbd153b29517b,https://open-images-dataset.s3.amazonaws.com/test/2fdfbd153b29517b.jpg,https://c4.staticflickr.com/3/2239/2168094620_579845516c_o.jpg,https://www.flickr.com/photos/stapler123/2168094620,Winston,https://www.flickr.com/people/stapler123/,Kata r-103 outside,https://creativecommons.org/licenses/by/2.0/,https://creativecommons.org/licenses/by/4.0/,768,1024,1,31ed486340ed912ded6d2f8b0f01944c22b57bfb2f14e797f22c1bab81975cc3,True,1,Open Images reference reviewed and exported in Make Sense by Codex,2026-10-02
data/val/images/backpack_42ff928c38bdfcae.jpg,data/val/labels/backpack_42ff928c38bdfcae.txt,val,1,backpack,Open Images,test,42ff928c38bdfcae,https://open-images-dataset.s3.amazonaws.com/test/42ff928c38bdfcae.jpg,https://c7.staticflickr.com/5/4049/4613402925_a2b5e18e12_o.jpg,https://www.flickr.com/photos/pengdo/4613402925,Sungdo Cho,https://www.flickr.com/people/pengdo/,가방1 휘발성고양이 고양이,https://creativecommons.org/licenses/by/2.0/,https://creativecommons.org/licenses/by/4.0/,768,1024,1,2e1dbc56662a00574ab07711b8db3ef31c72ac1d9f0cc0545b3201633c881d17,True,1,Open Images reference reviewed and exported in Make Sense by Codex,2026-10-02
data/val/images/backpack_fe5a65073bd23137.jpg,data/val/labels/backpack_fe5a65073bd23137.txt,val,1,backpack,Open Images,test,fe5a65073bd23137,https://open-images-dataset.s3.amazonaws.com/test/fe5a65073bd23137.jpg,https://farm8.staticflickr.com/4003/5119905520_2cdaca6f24_o.jpg,https://www.flickr.com/photos/1c11/5119905520,Aitor Calero,https://www.flickr.com/people/1c11/,silla-mochila1,https://creativecommons.org/licenses/by/2.0/,https://creativecommons.org/licenses/by/4.0/,683,1024,1,9539a6a0cbbbc06b026baed90ce822c9b8729d1b64186ddbaaa389fd98d0f4e3,True,1,Open Images reference reviewed and exported in Make Sense by Codex,2026-10-02
data/val/images/backpack_5b286cb11a433cf2.jpg,data/val/labels/backpack_5b286cb11a433cf2.txt,val,1,backpack,Open Images,test,5b286cb11a433cf2,https://open-images-dataset.s3.amazonaws.com/test/5b286cb11a433cf2.jpg,https://farm3.staticflickr.com/5305/5872198481_66ca8f3767_o.jpg,https://www.flickr.com/photos/62358412@N03/5872198481,Harsha Goonewardana,https://www.flickr.com/people/62358412@N03/,Matin Camera Backpack with rain cover and tripod holder,https://creativecommons.org/licenses/by/2.0/,https://creativecommons.org/licenses/by/4.0/,683,1024,1,dee5b4561757a7395970438d10b980240cca38854b2ca28809a8a0d80e3227b9,True,1,Open Images reference reviewed and exported in Make Sense by Codex,2026-10-02
data/test/images/backpack_dd41a62f2347d53d.jpg,data/test/labels/backpack_dd41a62f2347d53d.txt,test,1,backpack,Open Images,test,dd41a62f2347d53d,https://open-images-dataset.s3.amazonaws.com/test/dd41a62f2347d53d.jpg,https://c6.staticflickr.com/3/2340/2184846919_68f4012837_o.jpg,https://www.flickr.com/photos/chipgriffin/2184846919,Chip Griffin,https://www.flickr.com/people/chipgriffin/,Lowepro CompuDaypack,https://creativecommons.org/licenses/by/2.0/,https://creativecommons.org/licenses/by/4.0/,683,1024,1,49258603c39c364c953c5a5e1948505519db3f6c97c39909ede834bfc0c9aa8a,True,1,Open Images reference reviewed and exported in Make Sense by Codex,2026-10-02
data/test/images/backpack_b47df0cfa900475a.jpg,data/test/labels/backpack_b47df0cfa900475a.txt,test,1,backpack,Open Images,test,b47df0cfa900475a,https://open-images-dataset.s3.amazonaws.com/test/b47df0cfa900475a.jpg,https://c3.staticflickr.com/3/2469/4057331617_23df79d2d5_o.jpg,https://www.flickr.com/photos/negative13/4057331617/,Bernardo Chang,https://www.flickr.com/people/negative13/,IMG_0458,https://creativecommons.org/licenses/by/2.0/,https://creativecommons.org/licenses/by/4.0/,874,1024,1,f5dcbbe9a9208102b76744cd466478dc342d043ce93dbfa698a1c01ffb788192,True,1,Open Images reference reviewed and exported in Make Sense by Codex,2026-10-02
data/test/images/backpack_719fb10bd1cab470.jpg,data/test/labels/backpack_719fb10bd1cab470.txt,test,1,backpack,Open Images,test,719fb10bd1cab470,https://open-images-dataset.s3.amazonaws.com/test/719fb10bd1cab470.jpg,https://farm1.staticflickr.com/26/63396279_8e0e5e8db4_o.jpg,https://www.flickr.com/photos/mgdt/63396279,Dany &amp; Maryse,https://www.flickr.com/people/mgdt/,mgkelty,https://creativecommons.org/licenses/by/2.0/,https://creativecommons.org/licenses/by/4.0/,1024,853,1,286129df9371641af41b396df394aa419df816c45259c307c0858391b290276f,True,1,Open Images reference reviewed and exported in Make Sense by Codex,2026-10-02
data/test/images/backpack_c5a63dc05121e7d4.jpg,data/test/labels/backpack_c5a63dc05121e7d4.txt,test,1,backpack,Open Images,test,c5a63dc05121e7d4,https://open-images-dataset.s3.amazonaws.com/test/c5a63dc05121e7d4.jpg,https://farm5.staticflickr.com/26/36289207_417c7f1261_o.jpg,https://www.flickr.com/photos/slifex/36289207,slifex,https://www.flickr.com/people/slifex/,Vollgepackter Rucksack,https://creativecommons.org/licenses/by/2.0/,https://creativecommons.org/licenses/by/4.0/,1024,1024,1,ad97adebc44a621926e8fa175c40fff9a6d87e589a579be697f9e2338d563876,True,1,Open Images reference reviewed and exported in Make Sense by Codex,2026-10-02
